Workbook
Name __tst2: {#N/A,#N/A,TRUE,"カスタマイズ仕様書";#N/A,#N/A,TRUE,"Ｉ・Ｏ関連表(1)";#N/A,#N/A,TRUE,"Ｉ・Ｏ関連表(2)";#N/A,#N/A,TRUE,"Ｉ・Ｏ関連表(3)";#N/A,#N/A,TRUE,"レポート記述書";#N/A,#N/A,TRUE,"画面記述書"}
Name A4縦_フッタロゴなし: {#N/A,#N/A,TRUE,"カスタマイズ仕様書";#N/A,#N/A,TRUE,"Ｉ・Ｏ関連表(1)";#N/A,#N/A,TRUE,"Ｉ・Ｏ関連表(2)";#N/A,#N/A,TRUE,"Ｉ・Ｏ関連表(3)";#N/A,#N/A,TRUE,"レポート記述書";#N/A,#N/A,TRUE,"画面記述書"}
Name A4縦_雛形フッタロゴなし: {#N/A,#N/A,TRUE,"カスタマイズ仕様書";#N/A,#N/A,TRUE,"Ｉ・Ｏ関連表(1)";#N/A,#N/A,TRUE,"Ｉ・Ｏ関連表(2)";#N/A,#N/A,TRUE,"Ｉ・Ｏ関連表(3)";#N/A,#N/A,TRUE,"レポート記述書";#N/A,#N/A,TRUE,"画面記述書"}
Name aaaaa: {#N/A,#N/A,TRUE,"カスタマイズ仕様書";#N/A,#N/A,TRUE,"Ｉ・Ｏ関連表(1)";#N/A,#N/A,TRUE,"Ｉ・Ｏ関連表(2)";#N/A,#N/A,TRUE,"Ｉ・Ｏ関連表(3)";#N/A,#N/A,TRUE,"レポート記述書";#N/A,#N/A,TRUE,"画面記述書"}
Name BIS作成種類: OFFSET(Cài đặt!$B$2,,,COUNTA(Cài đặt!$B:$B)-1)
Name ｇｇｇｇ: {#N/A,#N/A,TRUE,"カスタマイズ仕様書";#N/A,#N/A,TRUE,"Ｉ・Ｏ関連表(1)";#N/A,#N/A,TRUE,"Ｉ・Ｏ関連表(2)";#N/A,#N/A,TRUE,"Ｉ・Ｏ関連表(3)";#N/A,#N/A,TRUE,"レポート記述書";#N/A,#N/A,TRUE,"画面記述書"}
Name HTML1_1: "[帳票管理資料.xls]集計表!$A$1:$R$32"
Name HTML1_10: ""
Name HTML1_11: 1
Name HTML1_12: "C:\My Documents\MyHTML.htm"
Name HTML1_2: 1
Name HTML1_3: "帳票管理資料.xls"
Name HTML1_4: "集計表"
Name HTML1_5: ""
Name HTML1_6: -4146
Name HTML1_7: -4146
Name HTML1_8: "97/07/14"
Name HTML1_9: "お客様各位"
Name HTMLCount: 1
Name s: {#N/A,#N/A,TRUE,"カスタマイズ仕様書";#N/A,#N/A,TRUE,"Ｉ・Ｏ関連表(1)";#N/A,#N/A,TRUE,"Ｉ・Ｏ関連表(2)";#N/A,#N/A,TRUE,"Ｉ・Ｏ関連表(3)";#N/A,#N/A,TRUE,"レポート記述書";#N/A,#N/A,TRUE,"画面記述書"}
Name ss: {#N/A,#N/A,TRUE,"カスタマイズ仕様書";#N/A,#N/A,TRUE,"Ｉ・Ｏ関連表(1)";#N/A,#N/A,TRUE,"Ｉ・Ｏ関連表(2)";#N/A,#N/A,TRUE,"Ｉ・Ｏ関連表(3)";#N/A,#N/A,TRUE,"レポート記述書";#N/A,#N/A,TRUE,"画面記述書"}
Name ｔｓｔ: {#N/A,#N/A,TRUE,"カスタマイズ仕様書";#N/A,#N/A,TRUE,"Ｉ・Ｏ関連表(1)";#N/A,#N/A,TRUE,"Ｉ・Ｏ関連表(2)";#N/A,#N/A,TRUE,"Ｉ・Ｏ関連表(3)";#N/A,#N/A,TRUE,"レポート記述書";#N/A,#N/A,TRUE,"画面記述書"}
Name wrn.ORIG.: {#N/A,#N/A,TRUE,"カスタマイズ仕様書";#N/A,#N/A,TRUE,"Ｉ・Ｏ関連表(1)";#N/A,#N/A,TRUE,"Ｉ・Ｏ関連表(2)";#N/A,#N/A,TRUE,"Ｉ・Ｏ関連表(3)";#N/A,#N/A,TRUE,"レポート記述書";#N/A,#N/A,TRUE,"画面記述書"}
Name wrn.ORIG2: {#N/A,#N/A,TRUE,"カスタマイズ仕様書";#N/A,#N/A,TRUE,"Ｉ・Ｏ関連表(1)";#N/A,#N/A,TRUE,"Ｉ・Ｏ関連表(2)";#N/A,#N/A,TRUE,"Ｉ・Ｏ関連表(3)";#N/A,#N/A,TRUE,"レポート記述書";#N/A,#N/A,TRUE,"画面記述書"}
Name あ: {#N/A,#N/A,TRUE,"カスタマイズ仕様書";#N/A,#N/A,TRUE,"Ｉ・Ｏ関連表(1)";#N/A,#N/A,TRUE,"Ｉ・Ｏ関連表(2)";#N/A,#N/A,TRUE,"Ｉ・Ｏ関連表(3)";#N/A,#N/A,TRUE,"レポート記述書";#N/A,#N/A,TRUE,"画面記述書"}
Name ああ2: {#N/A,#N/A,TRUE,"カスタマイズ仕様書";#N/A,#N/A,TRUE,"Ｉ・Ｏ関連表(1)";#N/A,#N/A,TRUE,"Ｉ・Ｏ関連表(2)";#N/A,#N/A,TRUE,"Ｉ・Ｏ関連表(3)";#N/A,#N/A,TRUE,"レポート記述書";#N/A,#N/A,TRUE,"画面記述書"}
Name あああ: {#N/A,#N/A,TRUE,"カスタマイズ仕様書";#N/A,#N/A,TRUE,"Ｉ・Ｏ関連表(1)";#N/A,#N/A,TRUE,"Ｉ・Ｏ関連表(2)";#N/A,#N/A,TRUE,"Ｉ・Ｏ関連表(3)";#N/A,#N/A,TRUE,"レポート記述書";#N/A,#N/A,TRUE,"画面記述書"}
Name ノード種別: OFFSET(Cài đặt!$F$2,,,COUNTA(Cài đặt!$F:$F)-1)
Name 承認_処理対象者: OFFSET(Cài đặt!$D$2,,,COUNTA(Cài đặt!$D:$D)-1)
Name 申請_処理対象者: OFFSET(Cài đặt!$C$2,,,COUNTA(Cài đặt!$C:$C)-1)
Name 動的承認_確認_横配置_縦配置_処理対象者: OFFSET(Cài đặt!$E$2,,,COUNTA(Cài đặt!$E:$E)-1)
Name 有効_無効: OFFSET(Cài đặt!$A$2,,,COUNTA(Cài đặt!$A:$A)-1)

Sheet Header
A1: ↓ Nhập thông tin gốc ↓ ※ Ẩn khi in
A2: Tên dự án | I2: Tên hệ thống (ID) | P2: Phân loại | V2: Tên nghiệp vụ (ID) | AB2: Tên (ID) | AJ2: Ver． | AL2: Người tạo | AP2: Ngày tạo | AS2: Người cập nhật | AW2: Ngày cập nhật
A3: Cổng thông tin nhân viên | I3: Cổng thông tin HROne | P3: Tài liệu thiết kế màn hình | V3: Yêu cầu hỗ trợ | AB3: Biểu mẫu liên hệ | AJ3: ='Trang bìa'!AF31 -> 1.0.0 | AL3: ACF | AP3: 45089 | AS3: =OFFSET('Lịch sử cập nhật'!N6,COUNTA('Lịch sử cập nhật'!N6:N65531)-1,0) -> ACF | AW3: =OFFSET('Lịch sử cập nhật'!H6,COUNTA('Lịch sử cập nhật'!H6:H65531)-1,0) -> 45240

Sheet Trang bìa
O3: =Header!A3
O4: =Header!I3
O7: Tài liệu thiết kế cơ bản
O10: =Header!AB3
Z21: Ngày tạo | AF21: =Header!AP3 -> 45089
Z23: Ngày cập nhật cuối cùng | AF23: =Header!AW3 -> 45240
Z25: Người cập nhật cuối cùng | AF25: =Header!AS3 -> ACF
Z27: Ngày xem xét/phê duyệt | AF27: =OFFSET('Lịch sử cập nhật'!AT6,COUNTA('Lịch sử cập nhật'!AT6:AT65531)-1,0)
Z29: Người xem xét/phê duyệt | AF29: =OFFSET('Lịch sử cập nhật'!AY6,COUNTA('Lịch sử cập nhật'!AY6:AY65531)-1,0)
Z31: Phiên bản | AF31: =OFFSET('Lịch sử cập nhật'!C6,COUNTA('Lịch sử cập nhật'!C6:C65531)-1,0) -> 1.0.0

Sheet Lịch sử cập nhật
A5: No. | C5: Ver. | H5: Ngày tạo/thay đổi | N5: Người tạo/thay đổi | T5: Nội dung tạo/thay đổi | AT5: Ngày xem xét/phê duyệt | AY5: Người xem xét/phê duyệt
A6: 1 | C6: 1.0.0 | H6: 45089 | N6: ACF | T6: Tạo mới
A7: 2 | C7: 1.0.0 | H7: 45240 | N7: ACF | T7: Gửi form liên hệ: Cập nhật nội dung email gửi cho nhân viên

Sheet Khái quát chức năng
A5: 【Mục đích】
B6: ・ | C6: XXX
A9: 【Tổng quan】
C11: Kích hoạt batch nhập mô hình BIM.
P27: Tải màn hình
P35: Cập nhật
A62: 【Tiền đề chức năng】
B64: ■xxxx

Sheet Bố cục màn hình_Tạo biểu mẫu li
A5: ◆ Màn hình khi hiển thị ban đầu
A6: 【Hình ảnh màn hình】 | BD6: 【Giải thích màn hình】
B7: ■ Tạo form liên hệ PCver
BE8: Người phụ trách HROne/HRP không thể sử dụng chức năng biểu mẫu liên hệ
Z17: HASSIN_REGISTER
BF42: ★ Bắt buộc nhập nội dung
B60: ■ Tạo form liên hệ Spver

Sheet Định nghĩa mục màn hình_Tạo biể
A5: No. | B5: Tên mục | C5: ID mục (không bao gồm ID loại) | D5: Loại | E5: Khái quát xử lý | F5: Nội dung gợi ý | G5: ID nhãn | H5: Thuộc tính | I5: Số chữ số | J5: Định dạng | K5: Giá trị khởi tạo | L5: Kiểm tra nhập liệu | O5: Quyền hạn | S5: Căn lề văn bản | T5: Phân trang | U5: Cơ sở dữ liệu | W5: Ghi chú
L6: Bắt buộc | M6: Kiểm tra định dạng | N6: Ràng buộc nhập liệu | O6: Quản trị viên hệ thống | P6: Quản trị viên HROne/HRP (Chung) | Q6: Quản trị viên HROne/HRP (Phòng △△) | R6: Người dùng nhân viên | U6: Tên bảng | V6: Tên mục bảng
A7: =ROW()-6 -> 1 | B7: Breadcrumb list | E7: ・Hiển thị breadcrumb list từ trang chủ ở phía trên màn hình ・Màn hình tạo yêu cầu hỗ trợ sẽ hiển thị là "Tạo yêu cầu hỗ trợ" ・Danh sách hiển thị như sau: Trang chủ ＞ FAQ Trang chủ ＞ Tạo yêu cầu hỗ trợ | K7: ー | L7: ー | M7: ー | N7: ー | O7: Ẩn | P7: Ẩn | R7: Hiển thị
A8: =ROW()-6 -> 2 | B8: Mã số nhân viên | D8: Hộp văn bản | E8: ・Hiển thị mã nhân viên của người dùng nhân viên đã đăng nhập | K8: Số nhân viên đăng nhập | L8: ー | M8: ー | N8: ー | O8: Ẩn | P8: Ẩn | R8: Hiển thị (không hoạt động)
A9: =ROW()-6 -> 3 | B9: Họ và tên | D9: Hộp văn bản | E9: ・Hiển thị tên (họ tên) của người dùng nhân viên đã đăng nhập | I9: 100 | K9: Họ và tên nhân viên đăng nhập | L9: ー | M9: ー | N9: ー | O9: Ẩn | P9: Ẩn | R9: Hiển thị (không hoạt động)
A10: =ROW()-6 -> 4 | B10: Địa chỉ email | D10: Nút chọn (Radio button) | E10: ・Khi hiển thị ban đầu, các nút radio sẽ không được chọn. ・Các hộp danh sách và văn bản bên dưới nút radio sẽ được ẩn, và việc hiển thị/ẩn sẽ được chuyển đổi tùy theo lựa chọn của nút radio. ・Cho phép chọn một trong hai nút radio: "Trả lời đến địa chỉ email đã đăng ký " hoặc / "Nếu muốn nhận câu trả lời bằng địa chỉ khác, vui lòng nhập địa chỉ email" ・Không cho phép chọn nhiều lựa chọn. ・Thực hiện điều khiển sau khi chọn nút radio: Trường hợp chọn "Trả lời đến địa chỉ email đã đăng ký ", hiển thị hộp danh sách chọn địa chỉ email ở phía dưới. Trường hợp không có email đã đăng ký, nút "Trả lời đến địa chỉ email đã đăng ký" sẽ bị vô hiệu hóa và không thể chọn. Trường hợp chọn "Nếu muốn nhận câu trả lời bằng địa chỉ khác, vui lòng nhập địa chỉ email", cho phép nhập địa chỉ email và nhập địa chỉ email xác nhận ở phía dưới. | I10: ー | K10: ー | L10: ○ | M10: ー | N10: ー | O10: Ẩn | P10: Ẩn | R10: Hiển thị
A11: =ROW()-6 -> 5 | B11: Địa chỉ email (Trả lời đến địa chỉ email đã đăng ký) | D11: Hộp danh sách | E11: ・Cho phép chọn địa chỉ email đã đăng ký trong cổng thông tin nhân viên ※ Địa chỉ email đăng ký đối tượng: địa chỉ email nhân viên được liên kết, địa chỉ email do nhân viên thêm vào ・Trường hợp không có email đã đăng ký, mục "Trả lời đến địa chỉ email đã đăng ký" sẽ bị vô hiệu hóa và không thể chọn ・Thứ tự hiển thị danh sách email sẽ hiển thị từ trên xuống theo thứ tự: email khi liên kết thông tin nhân viên (đứng đầu) + các địa chỉ email đã thêm vào ・Trạng thái chọn mặc định của danh sách là chọn email đại diện ※ Email đại diện có thể thay đổi trong cài đặt người dùng, ở trạng thái ban đầu, email khi liên kết thông tin nhân viên sẽ là email đại diện | I11: 50 | J11: Chỉ định | K11: Địa chỉ email của nhân viên đăng nhập | L11: ー | M11: ー | N11: ー | O11: Ẩn | P11: Ẩn | R11: Hiển thị
A12: =ROW()-6 -> 6 | B12: Địa chỉ email (Nếu bạn muốn nhận câu trả lời qua địa chỉ khác, vui lòng nhập địa chỉ email) | D12: Địa chỉ email | E12: ・Nhập địa chỉ email ・Kiểm tra xem có đúng định dạng email hay không | F12: Nếu bạn muốn nhận câu trả lời qua phương thức khác, vui lòng nhập địa chỉ email | I12: 50 | J12: Nhập | K12: ー | L12: ー | M12: ー | N12: ー | O12: Ẩn | P12: Ẩn | R12: Ẩn
A13: =ROW()-6 -> 7 | B13: Địa chỉ email (Vui lòng nhập lại địa chỉ email một lần nữa để xác nhận) | D13: Địa chỉ email | E13: ・Nhập địa chỉ email xác nhận, để chỉ cho phép nhập, không cho phép sao chép và dán (copy & paste) ・Kiểm tra xem có đúng định dạng email hay không ・Kiểm tra nội dung nhập của địa chỉ email và địa chỉ email (xác nhận) có khớp nhau hay không | F13: Vui lòng nhập lại địa chỉ email để xác nhận | I13: 50 | J13: Nhập | K13: ー | L13: ー | M13: ー | N13: ー | O13: Ẩn | P13: Ẩn | R13: Ẩn
A14: =ROW()-6 -> 8 | B14: Phân loại yêu cầu | D14: Hộp danh sách | E14: ・Hiển thị phân loại yêu cầu có thể chọn ・Phân loại yêu cầu khác nhau tùy theo nhóm công ty ・Khi chọn phân loại yêu cầu, hiển thị domain yêu cầu tương ứng với phân loại đã chọn | F14: Vui lòng chọn | I14: ー | J14: Chỉ định | K14: ー | L14: ○ | M14: ー | N14: ー | O14: Ẩn | P14: Ẩn | R14: Hiển thị | W14: ・Có sự khác biệt tùy theo công ty trực thuộc
A15: =ROW()-6 -> 9 | B15: Miền yêu cầu | D15: Hộp văn bản | E15: ・Hiển thị các domain đối tượng theo từng nhóm công ty và phân loại yêu cầu | I15: ー | K15: ー | L15: ー | M15: ー | N15: ー | O15: Ẩn | P15: Ẩn | R15: Hiển thị (không hoạt động)
A16: =ROW()-6 -> 10 | B16: Tiêu đề | D16: Vùng văn bản | E16: ・Nhập tiêu đề yêu cầu ・Đây sẽ là tiêu đề của email khi gửi yêu cầu | I16: ー | J16: Nhập | K16: ー | L16: ○ | M16: ー | N16: ー | O16: Ẩn | P16: Ẩn | R16: Hiển thị
A17: =ROW()-6 -> 11 | B17: Nội dung | D17: Vùng văn bản | E17: ・Nhập nội dung yêu cầu ・Đây sẽ là nội dung của email khi gửi yêu cầu | J17: Nhập | K17: ー | L17: ○ | M17: ー | N17: ー | O17: Ẩn | P17: Ẩn | R17: Hiển thị
A18: =ROW()-6 -> 12 | B18: Số liên quan | D18: Hộp văn bản | E18: ・Khi yêu cầu, nhập tự do số liên quan đến nội dung yêu cầu (Số FAQ, số hướng dẫn/thông báo, số yêu cầu/đơn từ, v.v.) ・Chỉ cho phép nhập chữ cái, chữ số và các ký tự ’-’ (gạch ngang, dấu trừ), ’_’ (gạch dưới) | F18: Nếu có số liên quan đến nội dung yêu cầu, vui lòng ghi vào. (Ví dụ: số FAQ, v.v.) | J18: Nhập | K18: ー | L18: ー | M18: ー | N18: ー | O18: Ẩn | P18: Ẩn | R18: Hiển thị
A19: =ROW()-6 -> 13
A20: =ROW()-6 -> 14 | I20: ー
A21: =ROW()-6 -> 15 | B21: Hủy bỏ | D21: Nút bấm | E21: ・Đóng màn hình tạo biểu mẫu liên hệ và quay lại màn hình Top ・Khi hủy, hiển thị thông báo sau: "Hủy tạo biểu mẫu liên hệ. Nội dung đã nhập sẽ bị xóa. Bạn có chắc chắn không?" Có: Chuyển đến màn hình TOP Không: Đóng thông báo và giữ nguyên biểu mẫu liên hệ | I21: ー | K21: ー | L21: ー | M21: ー | N21: ー | O21: Ẩn | P21: Ẩn | R21: Hiển thị
A22: =ROW()-6 -> 16 | B22: Xác nhận | D22: Nút bấm | E22: ・Hiển thị màn hình gửi biểu mẫu liên hệ ・Trường hợp nội dung nhập vào có sai sót, hãy kiểm tra và không hiển thị màn hình gửi biểu mẫu liên hệ | I22: ー | K22: ー | L22: ー | M22: ー | N22: ー | O22: Ẩn | P22: Ẩn | R22: Hiển thị
A23: =ROW()-6 -> 17 | I23: ー
A24: =ROW()-6 -> 18
A25: =ROW()-6 -> 19
A26: =ROW()-6 -> 20
A27: =ROW()-6 -> 21
A28: =ROW()-6 -> 22
A29: =ROW()-6 -> 23
A30: =ROW()-6 -> 24
A31: =ROW()-6 -> 25
A32: =ROW()-6 -> 26
A33: =ROW()-6 -> 27
A34: =ROW()-6 -> 28
A35: =ROW()-6 -> 29
... A43: =ROW()-6 -> 37
A44: 【Bổ sung】

Sheet Bố cục màn hình_Gửi biểu mẫu li
A5: ◆ Màn hình khi hiển thị ban đầu
A6: 【Hình ảnh màn hình】 | BD6: 【Giải thích màn hình】
B7: ■ Gửi biểu mẫu yêu cầu
BE8: Người phụ trách HROne/HRP không thể sử dụng chức năng biểu mẫu liên hệ
Z17: HASSIN_REGISTER
B59: ■Tham khảo: Nội dung email gửi cho người phụ trách HROne/HRP
B101: ■ Tham khảo: Nội dung email gửi cho nhân viên
B135: ■ Gửi Spver biểu mẫu yêu cầu hỗ trợ

Sheet Định nghĩa mục màn hình_Gửi biể
A5: No. | B5: Tên mục | C5: ID mục (không bao gồm ID loại) | D5: Loại | E5: Khái quát xử lý | F5: Nội dung gợi ý | G5: ID nhãn | H5: Thuộc tính | I5: Số chữ số | J5: Định dạng | K5: Giá trị khởi tạo | L5: Kiểm tra nhập liệu | O5: Quyền hạn | S5: Căn lề văn bản | T5: Phân trang | U5: Cơ sở dữ liệu | W5: Ghi chú
L6: Bắt buộc | M6: Kiểm tra định dạng | N6: Ràng buộc nhập liệu | O6: Quản trị viên hệ thống | P6: Quản trị viên HROne/HRP (Chung) | Q6: Quản trị viên HROne/HRP (Phòng △△) | R6: Người dùng nhân viên | U6: Tên bảng | V6: Tên mục bảng
A7: =ROW()-6 -> 1 | B7: Breadcrumb list | E7: ・Hiển thị breadcrumb list từ trang chủ ở phía trên màn hình ・Màn hình gửi yêu cầu hỗ trợ sẽ hiển thị là "Gửi yêu cầu hỗ trợ" ・Danh sách hiển thị như sau: Trang chủ ＞ FAQ Trang chủ ＞ Tạo yêu cầu hỗ trợ ＞ Gửi yêu cầu hỗ trợ | K7: ー | L7: ー | M7: ー | N7: ー | O7: Ẩn | P7: Ẩn | R7: Hiển thị
A8: =ROW()-6 -> 2 | B8: Ngày tạo | D8: Nhãn | E8: ・Hiển thị ngày tạo biểu mẫu yêu cầu hỗ trợ (YYYY/MM/DD) | K8: ー | L8: ー | M8: ー | N8: ー | O8: Ẩn | P8: Ẩn | R8: Hiển thị
A9: =ROW()-6 -> 3 | B9: Mã số nhân viên | D9: Nhãn | E9: ・Hiển thị mã số nhân viên của biểu mẫu liên hệ | K9: ー | L9: ー | M9: ー | N9: ー | O9: Ẩn | P9: Ẩn | R9: Hiển thị
A10: =ROW()-6 -> 4 | B10: Họ và tên | D10: Nhãn | E10: ・Hiển thị tên nhân viên tạo biểu mẫu liên hệ | I10: 100 | K10: ー | L10: ー | M10: ー | N10: ー | O10: Ẩn | P10: Ẩn | R10: Hiển thị (không hoạt động)
A11: =ROW()-6 -> 5 | B11: Địa chỉ email | D11: Nhãn | E11: ・Hiển thị địa chỉ email đã chỉ định khi tạo biểu mẫu liên hệ | I11: 50 | K11: ー | L11: ー | M11: ー | N11: ー | O11: Ẩn | P11: Ẩn | R11: Hiển thị
A12: =ROW()-6 -> 6 | B12: Phân loại yêu cầu | D12: Nhãn | E12: ・Hiển thị phân loại liên hệ đã chỉ định khi tạo biểu mẫu liên hệ | I12: ー | K12: ー | L12: ー | M12: ー | N12: ー | O12: Ẩn | P12: Ẩn | R12: Hiển thị
A13: =ROW()-6 -> 7 | B13: Miền yêu cầu | D13: Nhãn | E13: ・Hiển thị domain tạo biểu mẫu liên hệ | I13: ー | K13: ー | L13: ー | M13: ー | N13: ー | O13: Ẩn | P13: Ẩn | R13: Hiển thị (không hoạt động)
A14: =ROW()-6 -> 8 | B14: Tiêu đề | D14: Nhãn | E14: ・Hiển thị tiêu đề tạo biểu mẫu liên hệ | I14: ー | K14: ー | L14: ー | M14: ー | N14: ー | O14: Ẩn | P14: Ẩn | R14: Hiển thị
A15: =ROW()-6 -> 9 | B15: Nội dung | D15: Nhãn | E15: ・Hiển thị nội dung tạo biểu mẫu liên hệ | K15: ー | L15: ー | M15: ー | N15: ー | O15: Ẩn | P15: Ẩn | R15: Hiển thị
A16: =ROW()-6 -> 10
A17: =ROW()-6 -> 11
A18: =ROW()-6 -> 12 | B18: Quay lại màn hình nhập liệu | D18: Nút bấm | E18: ・Chuyển đến màn hình nhập liệu (= màn hình tạo form liên hệ) ・Hiển thị nguyên trạng nội dung đã nhập trước đó | I18: ー | K18: ー | L18: ー | M18: ー | N18: ー | O18: Ẩn | P18: Ẩn | R18: Hiển thị
A19: =ROW()-6 -> 13 | B19: Số yêu cầu | E19: ・Khi gửi, sẽ cấp số phiếu yêu cầu ※ Vui lòng kiểm tra quy tắc cấp số phiếu yêu cầu tại sheet "Tham khảo_Cấp số phiếu yêu cầu" | I19: ー | K19: ー | L19: ー | M19: ー | N19: ー | O19: Ẩn | P19: Ẩn | R19: Ẩn
A20: =ROW()-6 -> 14 | B20: Gửi | D20: Nút bấm | E20: ・Cấp số yêu cầu ・Gửi email biểu mẫu yêu cầu đã tạo đến người phụ trách HROne/HRP tương ứng ・Gửi email thông báo hoàn tất gửi biểu mẫu cho nhân viên đã tạo yêu cầu ※Nội dung email gửi cho người phụ trách HROne/HRP tham khảo mục 「■Tham khảo: Nội dung email gửi cho người phụ trách HROne/HRP」 trong sheet 「Thiết kế màn hình_Gửi biểu mẫu yêu cầu」 ※Nội dung email gửi cho nhân viên tham khảo mục 「■Tham khảo: Nội dung email gửi cho nhân viên」 trong sheet 「Thiết kế màn hình_Gửi biểu mẫu yêu cầu」 ・Sau khi gửi email, chuyển sang màn hình Hoàn tất tiếp nhận yêu cầu | I20: ー | K20: ー | L20: ー | M20: ー | N20: ー | O20: Ẩn | P20: Ẩn | R20: Hiển thị
A21: =ROW()-6 -> 15
A22: =ROW()-6 -> 16 | I22: ー
A23: =ROW()-6 -> 17
A24: =ROW()-6 -> 18
A25: =ROW()-6 -> 19
A26: =ROW()-6 -> 20
A27: =ROW()-6 -> 21
A28: =ROW()-6 -> 22
A29: =ROW()-6 -> 23
A30: =ROW()-6 -> 24
A31: =ROW()-6 -> 25
A32: =ROW()-6 -> 26
A33: =ROW()-6 -> 27
A34: =ROW()-6 -> 28
... A42: =ROW()-6 -> 36
A43: 【Bổ sung】

Sheet Bố cục màn hình_Hoàn tất tiếp n
A5: ◆ Màn hình khi hiển thị ban đầu
A6: 【Hình ảnh màn hình】 | BD6: 【Giải thích màn hình】
B7: ■ Hoàn tất tiếp nhận yêu cầu
BE8: Người phụ trách HROne/HRP không thể sử dụng chức năng biểu mẫu liên hệ
Z17: HASSIN_REGISTER
B57: ■ Hoàn tất tiếp nhận yêu cầu

Sheet Định nghĩa mục màn hình_Hoàn tấ
A5: No. | B5: Tên mục | C5: ID mục (không bao gồm ID loại) | D5: Loại | E5: Khái quát xử lý | F5: Nội dung gợi ý | G5: ID nhãn | H5: Thuộc tính | I5: Số chữ số | J5: Định dạng | K5: Giá trị khởi tạo | L5: Kiểm tra nhập liệu | O5: Quyền hạn | S5: Căn lề văn bản | T5: Phân trang | U5: Cơ sở dữ liệu | W5: Ghi chú
L6: Bắt buộc | M6: Kiểm tra định dạng | N6: Ràng buộc nhập liệu | O6: Quản trị viên hệ thống | P6: Quản trị viên HROne/HRP (Chung) | Q6: Quản trị viên HROne/HRP (Phòng △△) | R6: Người dùng nhân viên | U6: Tên bảng | V6: Tên mục bảng
A7: =ROW()-6 -> 1 | B7: Tin nhắn | D7: Hộp văn bản | E7: ・Hiển thị thông báo hoàn tất tiếp nhận form liên hệ ・Nội dung thông báo như sau: 「【Hoàn tất tiếp nhận liên hệ】 Chúng tôi đã gửi email tự động đến địa chỉ email của bạn. Trong trường hợp không nhận được email tự động, có khả năng địa chỉ email bị sai, vui lòng liên hệ lại.」 ・Thiết lập để không thể thực hiện thao tác quay lại | L7: ー | M7: ー | N7: ー | O7: Ẩn | P7: Ẩn | R7: Hiển thị
A8: =ROW()-6 -> 2
A9: =ROW()-6 -> 3 | B9: OK | D9: Nút bấm | E9: ・Đóng màn hình và quay lại màn hình chính | L9: ー | M9: ー | N9: ー | O9: Ẩn | P9: Ẩn | R9: Hiển thị
A10: =ROW()-6 -> 4
A11: =ROW()-6 -> 5
A12: =ROW()-6 -> 6
A13: =ROW()-6 -> 7
A14: =ROW()-6 -> 8
A15: =ROW()-6 -> 9
A16: =ROW()-6 -> 10
A17: =ROW()-6 -> 11
A18: =ROW()-6 -> 12
A19: =ROW()-6 -> 13
A20: =ROW()-6 -> 14
A21: =ROW()-6 -> 15
A22: =ROW()-6 -> 16 | I22: ー
A23: =ROW()-6 -> 17
A24: =ROW()-6 -> 18
A25: =ROW()-6 -> 19
A26: =ROW()-6 -> 20
A27: =ROW()-6 -> 21
A28: =ROW()-6 -> 22
A29: =ROW()-6 -> 23
A30: =ROW()-6 -> 24
A31: =ROW()-6 -> 25
A32: =ROW()-6 -> 26
A33: =ROW()-6 -> 27
A34: =ROW()-6 -> 28
... A42: =ROW()-6 -> 36
A43: 【Bổ sung】

Sheet Tham khảo_Cấp số liên hệ
B2: ■ Cấp số yêu cầu hỗ trợ
B4: Thứ tự | C4: Hạng mục | D4: Số chữ số | E4: Ví dụ | F4: Chi tiết
B5: 1 | C5: Nhận diện | D5: 1 chữ số | E5: T | F5: Thêm các chữ cái ở đầu để nhận biết đây là email từ mục "Liên hệ" của Cổng thông tin HRO
F6: →T（Toiawase）
F7: ※Tham khảo※ Số thông báo hướng dẫn: S (Send) / Số phiếu yêu cầu: R (Receive)
B8: 2 | C8: Nhóm công ty | D8: 4 chữ số | E8: C300
B9: 3 | C9: Năm tháng | D9: 4 chữ số | E9: 2306 | F9: yymm
B10: 4 | C10: Số thứ tự | D10: 5 chữ số | E10: 1 | F10: Đánh số theo năm tháng của nhóm công ty

Sheet Cài đặt
A1: Có hiệu lực/Không có hiệu lực | B1: Loại tạo BIS | C1: Người xử lý [Yêu cầu] | D1: Người xử lý [Phê duyệt] | E1: Người xử lý [Phê duyệt động/Xác nhận/Bố trí ngang/Bố trí dọc] | F1: Loại nút
A2: Hữu hiệu | B2: BAM | C2: Không chỉ định | D2: Không chỉ định | E2: Không chỉ định | F2: Bắt đầu
A3: Vô hiệu hóa | B3: WF | C3: Người dùng | D3: Người dùng | E3: Người dùng | F3: Kết thúc
C4: Tổ chức | D4: Tổ chức | E4: Tổ chức | F4: Yêu cầu
C5: Vai trò | D5: Vai trò | E5: Vai trò | F5: Yêu cầu
C6: Nhóm công khai | D6: Nhóm công khai | E6: Nhóm công khai | F6: Phê duyệt
C7: Chức vụ | D7: Chức vụ | E7: Chức vụ | F7: Phê duyệt động
C8: Vai trò | D8: Vai trò | E8: Vai trò | F8: Hệ thống
C9: Tổ chức + Chức vụ | D9: Tổ chức + Chức vụ | E9: Tổ chức + Chức vụ | F9: Xác nhận
C10: Nhóm công khai + Vai trò | D10: Nhóm công khai + Vai trò | E10: Nhóm công khai + Vai trò | F10: Bắt đầu đồng bộ
C11: Tổ chức + Role | D11: Tổ chức + Role | E11: Tổ chức + Role | F11: Kết thúc đồng bộ
C12: Nhóm công khai + Role | D12: Nhóm công khai + Role | E12: Nhóm công khai + Role | F12: Bắt đầu phân nhánh
C13: Tổ chức và tất cả tổ chức cấp trên | D13: Người bắt đầu yêu cầu/xử lý | E13: Tổ chức và tất cả tổ chức cấp trên | F13: Kết thúc phân nhánh
C14: Tổ chức và tất cả tổ chức cấp trên + Chức vụ | D14: Tổ chức trực thuộc của người bắt đầu yêu cầu/xử lý | E14: Tổ chức và tất cả tổ chức cấp trên + Chức vụ | F14: Bố trí ngang
C15: Tất cả tổ chức và tổ chức cấp trên + vai trò | D15: Tổ chức trực thuộc của người bắt đầu yêu cầu/xử lý + chức vụ | E15: Tất cả tổ chức và tổ chức cấp trên + vai trò | F15: Bố trí dọc
... C18: Tổ chức và tất cả các tổ chức cấp dưới + Vai trò | D18: Tổ chức cấp trên + Chức vụ của người bắt đầu yêu cầu/xử lý | E18: Tổ chức và tất cả các tổ chức cấp dưới + Vai trò | F18: Kết thúc mẫu
D19: Tổ chức cấp trên + Vai trò của người bắt đầu yêu cầu/xử lý | F19: Nhận xét
D20: Tất cả tổ chức cấp trên của người yêu cầu/người bắt đầu xử lý | F20: Swimlane
D21: Tất cả tổ chức cấp trên của người yêu cầu/người bắt đầu xử lý + Chức vụ
D22: Tất cả tổ chức cấp trên của người yêu cầu/người bắt đầu xử lý + Vai trò
D23: Tổ chức cấp dưới của người bắt đầu yêu cầu/xử lý
D24: Tổ chức cấp dưới của người bắt đầu yêu cầu/xử lý + Chức vụ
D25: Tổ chức cấp dưới của người bắt đầu yêu cầu/xử lý + Vai trò
D26: Tất cả tổ chức cấp dưới của người bắt đầu yêu cầu/xử lý
D27: Tất cả tổ chức cấp dưới của người bắt đầu yêu cầu/xử lý + Chức vụ
D28: Tất cả tổ chức cấp dưới của người yêu cầu/người bắt đầu xử lý + Role
D29: Tổ chức và tất cả tổ chức cấp trên
D30: Tổ chức và tất cả tổ chức cấp trên + Chức vụ
D31: Tất cả tổ chức và tổ chức cấp trên + vai trò
D32: Tổ chức và tất cả các tổ chức cấp dưới
... D34: Tổ chức và tất cả các tổ chức cấp dưới + Vai trò
