Workbook
Name __tst2: {#N/A,#N/A,TRUE,"カスタマイズ仕様書";#N/A,#N/A,TRUE,"Ｉ・Ｏ関連表(1)";#N/A,#N/A,TRUE,"Ｉ・Ｏ関連表(2)";#N/A,#N/A,TRUE,"Ｉ・Ｏ関連表(3)";#N/A,#N/A,TRUE,"レポート記述書";#N/A,#N/A,TRUE,"画面記述書"}
Name A4縦_フッタロゴなし: {#N/A,#N/A,TRUE,"カスタマイズ仕様書";#N/A,#N/A,TRUE,"Ｉ・Ｏ関連表(1)";#N/A,#N/A,TRUE,"Ｉ・Ｏ関連表(2)";#N/A,#N/A,TRUE,"Ｉ・Ｏ関連表(3)";#N/A,#N/A,TRUE,"レポート記述書";#N/A,#N/A,TRUE,"画面記述書"}
Name A4縦_雛形フッタロゴなし: {#N/A,#N/A,TRUE,"カスタマイズ仕様書";#N/A,#N/A,TRUE,"Ｉ・Ｏ関連表(1)";#N/A,#N/A,TRUE,"Ｉ・Ｏ関連表(2)";#N/A,#N/A,TRUE,"Ｉ・Ｏ関連表(3)";#N/A,#N/A,TRUE,"レポート記述書";#N/A,#N/A,TRUE,"画面記述書"}
Name aaaaa: {#N/A,#N/A,TRUE,"カスタマイズ仕様書";#N/A,#N/A,TRUE,"Ｉ・Ｏ関連表(1)";#N/A,#N/A,TRUE,"Ｉ・Ｏ関連表(2)";#N/A,#N/A,TRUE,"Ｉ・Ｏ関連表(3)";#N/A,#N/A,TRUE,"レポート記述書";#N/A,#N/A,TRUE,"画面記述書"}
Name BIS作成種類: OFFSET(設定!$B$2,,,COUNTA(設定!$B:$B)-1)
Name ｇｇｇｇ: {#N/A,#N/A,TRUE,"カスタマイズ仕様書";#N/A,#N/A,TRUE,"Ｉ・Ｏ関連表(1)";#N/A,#N/A,TRUE,"Ｉ・Ｏ関連表(2)";#N/A,#N/A,TRUE,"Ｉ・Ｏ関連表(3)";#N/A,#N/A,TRUE,"レポート記述書";#N/A,#N/A,TRUE,"画面記述書"}
Name HTML1_1: "[帳票管理資料.xls]集計表!$A$1:$R$32"
Name HTML1_10: ""
Name HTML1_11: 1
Name HTML1_12: "C:\My Documents\MyHTML.htm"
Name HTML1_2: 1
Name HTML1_3: "帳票管理資料.xls"
Name HTML1_4: "集計表"
Name HTML1_5: ""
Name HTML1_6: -4146
Name HTML1_7: -4146
Name HTML1_8: "97/07/14"
Name HTML1_9: "お客様各位"
Name HTMLCount: 1
Name s: {#N/A,#N/A,TRUE,"カスタマイズ仕様書";#N/A,#N/A,TRUE,"Ｉ・Ｏ関連表(1)";#N/A,#N/A,TRUE,"Ｉ・Ｏ関連表(2)";#N/A,#N/A,TRUE,"Ｉ・Ｏ関連表(3)";#N/A,#N/A,TRUE,"レポート記述書";#N/A,#N/A,TRUE,"画面記述書"}
Name ss: {#N/A,#N/A,TRUE,"カスタマイズ仕様書";#N/A,#N/A,TRUE,"Ｉ・Ｏ関連表(1)";#N/A,#N/A,TRUE,"Ｉ・Ｏ関連表(2)";#N/A,#N/A,TRUE,"Ｉ・Ｏ関連表(3)";#N/A,#N/A,TRUE,"レポート記述書";#N/A,#N/A,TRUE,"画面記述書"}
Name ｔｓｔ: {#N/A,#N/A,TRUE,"カスタマイズ仕様書";#N/A,#N/A,TRUE,"Ｉ・Ｏ関連表(1)";#N/A,#N/A,TRUE,"Ｉ・Ｏ関連表(2)";#N/A,#N/A,TRUE,"Ｉ・Ｏ関連表(3)";#N/A,#N/A,TRUE,"レポート記述書";#N/A,#N/A,TRUE,"画面記述書"}
Name wrn.ORIG.: {#N/A,#N/A,TRUE,"カスタマイズ仕様書";#N/A,#N/A,TRUE,"Ｉ・Ｏ関連表(1)";#N/A,#N/A,TRUE,"Ｉ・Ｏ関連表(2)";#N/A,#N/A,TRUE,"Ｉ・Ｏ関連表(3)";#N/A,#N/A,TRUE,"レポート記述書";#N/A,#N/A,TRUE,"画面記述書"}
Name wrn.ORIG2: {#N/A,#N/A,TRUE,"カスタマイズ仕様書";#N/A,#N/A,TRUE,"Ｉ・Ｏ関連表(1)";#N/A,#N/A,TRUE,"Ｉ・Ｏ関連表(2)";#N/A,#N/A,TRUE,"Ｉ・Ｏ関連表(3)";#N/A,#N/A,TRUE,"レポート記述書";#N/A,#N/A,TRUE,"画面記述書"}
Name あ: {#N/A,#N/A,TRUE,"カスタマイズ仕様書";#N/A,#N/A,TRUE,"Ｉ・Ｏ関連表(1)";#N/A,#N/A,TRUE,"Ｉ・Ｏ関連表(2)";#N/A,#N/A,TRUE,"Ｉ・Ｏ関連表(3)";#N/A,#N/A,TRUE,"レポート記述書";#N/A,#N/A,TRUE,"画面記述書"}
Name ああ2: {#N/A,#N/A,TRUE,"カスタマイズ仕様書";#N/A,#N/A,TRUE,"Ｉ・Ｏ関連表(1)";#N/A,#N/A,TRUE,"Ｉ・Ｏ関連表(2)";#N/A,#N/A,TRUE,"Ｉ・Ｏ関連表(3)";#N/A,#N/A,TRUE,"レポート記述書";#N/A,#N/A,TRUE,"画面記述書"}
Name あああ: {#N/A,#N/A,TRUE,"カスタマイズ仕様書";#N/A,#N/A,TRUE,"Ｉ・Ｏ関連表(1)";#N/A,#N/A,TRUE,"Ｉ・Ｏ関連表(2)";#N/A,#N/A,TRUE,"Ｉ・Ｏ関連表(3)";#N/A,#N/A,TRUE,"レポート記述書";#N/A,#N/A,TRUE,"画面記述書"}
Name ノード種別: OFFSET(設定!$F$2,,,COUNTA(設定!$F:$F)-1)
Name 承認_処理対象者: OFFSET(設定!$D$2,,,COUNTA(設定!$D:$D)-1)
Name 申請_処理対象者: OFFSET(設定!$C$2,,,COUNTA(設定!$C:$C)-1)
Name 動的承認_確認_横配置_縦配置_処理対象者: OFFSET(設定!$E$2,,,COUNTA(設定!$E:$E)-1)
Name 有効_無効: OFFSET(設定!$A$2,,,COUNTA(設定!$A:$A)-1)

Sheet Header
A1: ↓元情報入力↓※印刷時は非表示に
A2: プロジェクト名 | I2: システム名（ID) | P2: 分類 | V2: 業務名（ID） | AB2: 名称（ID） | AJ2: Ver． | AL2: 作成者 | AP2: 作成日 | AS2: 更新者 | AW2: 更新日
A3: 従業員ポータル | I3: HROneポータル | P3: 画面設計書 | V3: 問合せ | AB3: 問合せフォーム | AJ3: =表紙!AF31 -> 1.0.0 | AL3: ACF | AP3: 45089 | AS3: =OFFSET(更新履歴!N6,COUNTA(更新履歴!N6:N65531)-1,0) -> ACF | AW3: =OFFSET(更新履歴!H6,COUNTA(更新履歴!H6:H65531)-1,0) -> 45240

Sheet 表紙
O3: =Header!A3 -> 従業員ポータル
O4: =Header!I3 -> HROneポータル
O7: 基本設計書
O10: =Header!AB3 -> 問合せフォーム
Z21: 作成日 | AF21: =Header!AP3 -> 45089
Z23: 最終更新日 | AF23: =Header!AW3 -> 45240
Z25: 最終更新者 | AF25: =Header!AS3 -> ACF
Z27: レビュー・承認日 | AF27: =OFFSET(更新履歴!AT6,COUNTA(更新履歴!AT6:AT65531)-1,0) -> レビュー・承認日
Z29: レビュー・承認者 | AF29: =OFFSET(更新履歴!AY6,COUNTA(更新履歴!AY6:AY65531)-1,0) -> レビュー・承認者
Z31: バージョン | AF31: =OFFSET(更新履歴!C6,COUNTA(更新履歴!C6:C65531)-1,0) -> 1.0.0

Sheet 更新履歴
A5: No. | C5: Ver. | H5: 作成・変更日 | N5: 作成・変更者 | T5: 作成・変更内容 | AT5: レビュー・承認日 | AY5: レビュー・承認者
A6: 1 | C6: 1.0.0 | H6: 45089 | N6: ACF | T6: 新規作成
A7: 2 | C7: 1.0.0 | H7: 45240 | N7: ACF | T7: お問合せフォーム送信：従業員向けメール送信内容更新

Sheet 機能概要
A5: 【目的】
B6: ・ | C6: XXX
A9: 【概要】
C11: ex BIMモデル取込バッチをキックする。
P27: 画面ロード
P35: 更新
A62: 【機能前提】
B64: ■xxxx

Sheet 画面レイアウト_問合せフォーム作成
A5: ◆初期表示時画面
A6: 【画面イメージ】 | BD6: 【画面説明】
B7: ■問合せフォーム作成 PCver
BE8: HROne/HRP担当者は問合せフォーム機能は使用不可
Z17: HASSIN_REGISTER
BF42: ★内容を必須にする
B60: ■問合せフォーム作成 Spver

Sheet 画面項目定義_問合せフォーム作成
A5: No. | B5: 項目名 | C5: 項目ID(種別ID除く) | D5: 種類 | E5: 処理概要 | F5: ヒント文言 | G5: ラベルID | H5: 属性 | I5: 桁数 | J5: フォーマット | K5: 初期値 | L5: 入力チェック | O5: 権限 | S5: 文字の配置 | T5: ページング | U5: データベース | W5: 備考
L6: 必須 | M6: フォーマットチェック | N6: 入力制約 | O6: システム管理者 | P6: HROne/HRP管理者(共通) | Q6: HROne/HRP管理者(△△課) | R6: 従業員ユーザ | U6: テーブル名 | V6: テーブル項目名
A7: =ROW()-6 -> 1 | B7: パンクズリスト | E7: ・画面上部に画面トップからのパンクズリストを表示する ・問合せ作成画面は”問合せ作成”と表示する ・リスト表示は下記とする トップ＞FAQトップ＞問合せ作成 | K7: ー | L7: ー | M7: ー | N7: ー | O7: 非表示 | P7: 非表示 | R7: 表示
A8: =ROW()-6 -> 2 | B8: 従業員番号 | D8: テキストボックス | E8: ・ログインした従業員ユーザの従業員番号を表示する | K8: ログイン従業員の 従業員番号 | L8: ー | M8: ー | N8: ー | O8: 非表示 | P8: 非表示 | R8: 表示(非活性)
A9: =ROW()-6 -> 3 | B9: お名前 | D9: テキストボックス | E9: ・ログインした従業員ユーザのお名前(氏名)を表示する | I9: 100 | K9: ログイン従業員の お名前 | L9: ー | M9: ー | N9: ー | O9: 非表示 | P9: 非表示 | R9: 表示(非活性)
A10: =ROW()-6 -> 4 | B10: メールアドレス | D10: ラジオボタン | E10: ・初期表示はラジオボタンを未選択する ・ラジオボタンの下にあるリストボックス、テキストは非表示とし、ラジオボタン選択により、表示/非表示切替を行う ・問合せ受信メールを「登録済みメールアドレスへの回答/上記以外で回答を受信したい場合は、メールアドレスを入力ください」ラジオボタンでどちらか選択可能とする ・複数選択は不可とする ・ラジオボタン選択で下記の制御を行う。 「登録済みメールアドレスへの回答」が選択状態の場合、下部に、メールアドレス選択リストボックスを表示する 登録済みメールが無い場合は、「登録済みメールアドレスへの回答」を非活性で選択不可とする 「上記以外で回答を受信したい場合は、メールアドレスを入力ください」が選択状態の場合、下部にメールアドレス入力及び確認用メールアドレス入力を可能とする | I10: ー | K10: ー | L10: ○ | M10: ー | N10: ー | O10: 非表示 | P10: 非表示 | R10: 表示
A11: =ROW()-6 -> 5 | B11: メールアドレス (登録済みメールアドレスへの回答) | D11: リストボックス | E11: ・従業員ポータルに登録済みメールアドレスを選択可能とする ※対象の登録メールアドレス：連携された従業員メールアドレス、従業員が追加したメールアドレス ・登録済みメールが無い場合は、「登録済みメールアドレスへの回答」を非活性で選択不可とする ・メールリスト表示順は従業員情報連携時のメール(先頭)＋追加したメールアドレス順でリスト上から表示する ・リストの初期選択状態は代表メールを選択状態とする ※代表メールはユーザ設定で変更可能とし、初期状態では、従業員情報連携時のメールが代表メールとなる | I11: 50 | J11: 指定 | K11: ログイン従業員の メールアドレス | L11: ー | M11: ー | N11: ー | O11: 非表示 | P11: 非表示 | R11: 表示
A12: =ROW()-6 -> 6 | B12: メールアドレス (上記以外で回答を受信したい場合は、メールアドレスを入力ください) | D12: メールアドレス | E12: ・メールアドレスを入力する ・メール形式であるかチェックをする | F12: 上記以外への回答をご希望の場合は、メールアドレスを入力ください | I12: 50 | J12: 入力 | K12: ー | L12: ー | M12: ー | N12: ー | O12: 非表示 | P12: 非表示 | R12: 非表示
A13: =ROW()-6 -> 7 | B13: メールアドレス (確認のため、もう一度、メールアドレスを入力ください) | D13: メールアドレス | E13: ・確認用メールアドレスを入力する、入力だけにするため、コピペー(copy&paste)は不可とする ・メール形式であるかチェックをする ・メールアドレス及びメールアドレス(確認用)の入力内容が一致するかチェックする | F13: 確認のため、もう一度、メールアドレスを入力ください | I13: 50 | J13: 入力 | K13: ー | L13: ー | M13: ー | N13: ー | O13: 非表示 | P13: 非表示 | R13: 非表示
A14: =ROW()-6 -> 8 | B14: 問合せ分類 | D14: リストボックス | E14: ・選択可能問合せ分類を表示する ・問合せ分類は会社グループことに異なる ・問合せ分類選択時、選択された問合せによる 問合せドメインを表示する | F14: 選択してください | I14: ー | J14: 指定 | K14: ー | L14: ○ | M14: ー | N14: ー | O14: 非表示 | P14: 非表示 | R14: 表示 | W14: ・所属会社による差分有り
A15: =ROW()-6 -> 9 | B15: 問合せドメイン | D15: テキストボックス | E15: ・会社グループ、問合せ分類ごとに対象のドメインを表示する | I15: ー | K15: ー | L15: ー | M15: ー | N15: ー | O15: 非表示 | P15: 非表示 | R15: 表示(非活性)
A16: =ROW()-6 -> 10 | B16: タイトル | D16: テキストエリア | E16: ・問合せのタイトルを入力する ・問合せメール送信時、問合せメールタイトルとなる | I16: ー | J16: 入力 | K16: ー | L16: ○ | M16: ー | N16: ー | O16: 非表示 | P16: 非表示 | R16: 表示
A17: =ROW()-6 -> 11 | B17: 内容 | D17: テキストエリア | E17: ・問合せの内容を入力する ・問合せメール送信時、問合せメール本文となる | J17: 入力 | K17: ー | L17: ○ | M17: ー | N17: ー | O17: 非表示 | P17: 非表示 | R17: 表示
A18: =ROW()-6 -> 12 | B18: 関連番号 | D18: テキストボックス | E18: ・問合せするとき、問合せ内容に関連する番号(FAQ番号、案内・通知番号、依頼・届出番号など)を自由に入力する ・英数字及び’-’(ハイフン、マイナス)、'_'(アンダーバー)のみ入力可能とする | F18: 問合せ内容に関連する番号があれば、記載ください。(例：FAQ番号など) | J18: 入力 | K18: ー | L18: ー | M18: ー | N18: ー | O18: 非表示 | P18: 非表示 | R18: 表示
A19: =ROW()-6 -> 13
A20: =ROW()-6 -> 14 | I20: ー
A21: =ROW()-6 -> 15 | B21: キャンセル | D21: ボタン | E21: ・問合せフォーム作成画面を閉じ、Top画面に戻る ・キャンセル時下記のメッセージを表示する 「問合せフォーム作成をキャンセルします。 入力内容は削除されます。よろしいでしょうか？」 はい：TOP画面に遷移する いいえ：メッセージを閉じ、問合せフォームのそのままにする | I21: ー | K21: ー | L21: ー | M21: ー | N21: ー | O21: 非表示 | P21: 非表示 | R21: 表示
A22: =ROW()-6 -> 16 | B22: 確認 | D22: ボタン | E22: ・問合せフォーム送信画面を表示する ・入力内容に不備があった場合、確認し、問合せフォーム送信は表示しなし | I22: ー | K22: ー | L22: ー | M22: ー | N22: ー | O22: 非表示 | P22: 非表示 | R22: 表示
A23: =ROW()-6 -> 17 | I23: ー
A24: =ROW()-6 -> 18
A25: =ROW()-6 -> 19
A26: =ROW()-6 -> 20
A27: =ROW()-6 -> 21
A28: =ROW()-6 -> 22
A29: =ROW()-6 -> 23
A30: =ROW()-6 -> 24
A31: =ROW()-6 -> 25
A32: =ROW()-6 -> 26
A33: =ROW()-6 -> 27
A34: =ROW()-6 -> 28
A35: =ROW()-6 -> 29
... A43: =ROW()-6 -> 37
A44: 【補足】

Sheet 画面レイアウト_問合せフォーム送信
A5: ◆初期表示時画面
A6: 【画面イメージ】 | BD6: 【画面説明】
B7: ■問合せフォーム送信
BE8: HROne/HRP担当者は問合せフォーム機能は使用不可
Z17: HASSIN_REGISTER
B59: ■参考：HROne/HRP担当者に送るメール内容
B101: ■参考：従業員に送るメール内容
B135: ■問合せフォーム送信 Spver

Sheet 画面項目定義_問合せフォーム送信
A5: No. | B5: 項目名 | C5: 項目ID(種別ID除く) | D5: 種類 | E5: 処理概要 | F5: ヒント文言 | G5: ラベルID | H5: 属性 | I5: 桁数 | J5: フォーマット | K5: 初期値 | L5: 入力チェック | O5: 権限 | S5: 文字の配置 | T5: ページング | U5: データベース | W5: 備考
L6: 必須 | M6: フォーマットチェック | N6: 入力制約 | O6: システム管理者 | P6: HROne/HRP管理者(共通) | Q6: HROne/HRP管理者(△△課) | R6: 従業員ユーザ | U6: テーブル名 | V6: テーブル項目名
A7: =ROW()-6 -> 1 | B7: パンクズリスト | E7: ・画面上部に画面トップからのパンクズリストを表示する ・問合せ送信画面は”問合せ送信”と表示する ・リスト表示は下記とする トップ＞FAQトップ＞問合せ作成＞問合せ送信 | K7: ー | L7: ー | M7: ー | N7: ー | O7: 非表示 | P7: 非表示 | R7: 表示
A8: =ROW()-6 -> 2 | B8: 作成日 | D8: ラベル | E8: ・問合せフォームを作成した日付（YYYY/MM/DD）を表示する | K8: ー | L8: ー | M8: ー | N8: ー | O8: 非表示 | P8: 非表示 | R8: 表示
A9: =ROW()-6 -> 3 | B9: 従業員番号 | D9: ラベル | E9: ・問合せフォームの従業員番号を表示する | K9: ー | L9: ー | M9: ー | N9: ー | O9: 非表示 | P9: 非表示 | R9: 表示
A10: =ROW()-6 -> 4 | B10: お名前 | D10: ラベル | E10: ・問合せフォーム作成の従業員お名前を表示する | I10: 100 | K10: ー | L10: ー | M10: ー | N10: ー | O10: 非表示 | P10: 非表示 | R10: 表示(非活性)
A11: =ROW()-6 -> 5 | B11: メールアドレス | D11: ラベル | E11: ・問合せフォーム作成で指定したメールアドレスを表示する | I11: 50 | K11: ー | L11: ー | M11: ー | N11: ー | O11: 非表示 | P11: 非表示 | R11: 表示
A12: =ROW()-6 -> 6 | B12: 問合せ分類 | D12: ラベル | E12: ・問合せフォーム作成で指定した問合せ分類を表示する | I12: ー | K12: ー | L12: ー | M12: ー | N12: ー | O12: 非表示 | P12: 非表示 | R12: 表示
A13: =ROW()-6 -> 7 | B13: 問合せドメイン | D13: ラベル | E13: ・問合せフォーム作成のドメインを表示する | I13: ー | K13: ー | L13: ー | M13: ー | N13: ー | O13: 非表示 | P13: 非表示 | R13: 表示(非活性)
A14: =ROW()-6 -> 8 | B14: タイトル | D14: ラベル | E14: ・問合せフォーム作成のタイトルを表示する | I14: ー | K14: ー | L14: ー | M14: ー | N14: ー | O14: 非表示 | P14: 非表示 | R14: 表示
A15: =ROW()-6 -> 9 | B15: 内容 | D15: ラベル | E15: ・問合せフォーム作成の内容を表示する | K15: ー | L15: ー | M15: ー | N15: ー | O15: 非表示 | P15: 非表示 | R15: 表示
A16: =ROW()-6 -> 10
A17: =ROW()-6 -> 11
A18: =ROW()-6 -> 12 | B18: 入力画面に戻る | D18: ボタン | E18: ・入力画面(＝問合せフォーム作成画面)に遷移する ・以前入力した内容はそのまま表示する | I18: ー | K18: ー | L18: ー | M18: ー | N18: ー | O18: 非表示 | P18: 非表示 | R18: 表示
A19: =ROW()-6 -> 13 | B19: 問合せ番号 | E19: ・送信時、問合せ番号を採番する ※問合せ採番ルールは「参考_問合せ番号採番」シート確認 | I19: ー | K19: ー | L19: ー | M19: ー | N19: ー | O19: 非表示 | P19: 非表示 | R19: 非表示
A20: =ROW()-6 -> 14 | B20: 送信 | D20: ボタン | E20: ・問合せ番号を採番する ・作成済み問合せフォームを対象HROne/HRP担当者にメールを送信する ・作成済み問合せフォームを作成した従業員に送信完了メールを送信する ※HROne/HRP担当者に送信するメール内容は「画面レイアウト_問合せフォーム送信」シートの「■参考：HROne/HRP担当者に送るメール内容」を参考 ※従業員に送信するメール内容は「画面レイアウト_問合せフォーム送信」シートの「■参考：従業員に送るメール内容」を参考 ・メール送信後、問合せ受付完了画面に遷移する | I20: ー | K20: ー | L20: ー | M20: ー | N20: ー | O20: 非表示 | P20: 非表示 | R20: 表示
A21: =ROW()-6 -> 15
A22: =ROW()-6 -> 16 | I22: ー
A23: =ROW()-6 -> 17
A24: =ROW()-6 -> 18
A25: =ROW()-6 -> 19
A26: =ROW()-6 -> 20
A27: =ROW()-6 -> 21
A28: =ROW()-6 -> 22
A29: =ROW()-6 -> 23
A30: =ROW()-6 -> 24
A31: =ROW()-6 -> 25
A32: =ROW()-6 -> 26
A33: =ROW()-6 -> 27
A34: =ROW()-6 -> 28
... A42: =ROW()-6 -> 36
A43: 【補足】

Sheet 画面レイアウト_問合せ受付完了
A5: ◆初期表示時画面
A6: 【画面イメージ】 | BD6: 【画面説明】
B7: ■問合せ受付完了
BE8: HROne/HRP担当者は問合せフォーム機能は使用不可
Z17: HASSIN_REGISTER
B57: ■問合せ受付完了

Sheet 画面項目定義_問合せ受付完了
A5: No. | B5: 項目名 | C5: 項目ID(種別ID除く) | D5: 種類 | E5: 処理概要 | F5: ヒント文言 | G5: ラベルID | H5: 属性 | I5: 桁数 | J5: フォーマット | K5: 初期値 | L5: 入力チェック | O5: 権限 | S5: 文字の配置 | T5: ページング | U5: データベース | W5: 備考
L6: 必須 | M6: フォーマットチェック | N6: 入力制約 | O6: システム管理者 | P6: HROne/HRP管理者(共通) | Q6: HROne/HRP管理者(△△課) | R6: 従業員ユーザ | U6: テーブル名 | V6: テーブル項目名
A7: =ROW()-6 -> 1 | B7: メッセージ | D7: テキストボックス | E7: ・問合せフォーム受付完了メッセージを表示する ・メッセージ内容は下記とする 「【お問合せ受付完了】 メールアドレス宛に自動配信メールを送信しました。 自動配信メールが届いていない場合、 メールアドレスが誤っている可能性がありますので、 再度お問合せください。」 ・戻る操作はできないようにする | L7: ー | M7: ー | N7: ー | O7: 非表示 | P7: 非表示 | R7: 表示
A8: =ROW()-6 -> 2
A9: =ROW()-6 -> 3 | B9: OK | D9: ボタン | E9: ・画面を閉じて、ホーム画面に戻る | L9: ー | M9: ー | N9: ー | O9: 非表示 | P9: 非表示 | R9: 表示
A10: =ROW()-6 -> 4
A11: =ROW()-6 -> 5
A12: =ROW()-6 -> 6
A13: =ROW()-6 -> 7
A14: =ROW()-6 -> 8
A15: =ROW()-6 -> 9
A16: =ROW()-6 -> 10
A17: =ROW()-6 -> 11
A18: =ROW()-6 -> 12
A19: =ROW()-6 -> 13
A20: =ROW()-6 -> 14
A21: =ROW()-6 -> 15
A22: =ROW()-6 -> 16 | I22: ー
A23: =ROW()-6 -> 17
A24: =ROW()-6 -> 18
A25: =ROW()-6 -> 19
A26: =ROW()-6 -> 20
A27: =ROW()-6 -> 21
A28: =ROW()-6 -> 22
A29: =ROW()-6 -> 23
A30: =ROW()-6 -> 24
A31: =ROW()-6 -> 25
A32: =ROW()-6 -> 26
A33: =ROW()-6 -> 27
A34: =ROW()-6 -> 28
... A42: =ROW()-6 -> 36
A43: 【補足】

Sheet 参考_問合せ番号採番
B2: ■問合せ番号採番
B4: 順番 | C4: 項目 | D4: 桁数 | E4: 例 | F4: 詳細
B5: 1 | C5: 識別 | D5: 1桁 | E5: T | F5: HROポータルの「問合せ」からのメールである事がわかるアルファベットを先頭に付ける
F6: →T（Toiawase）
F7: ※参考※ 案内通知番号：S（Send）/ 依頼届出番号：R（Recive）
B8: 2 | C8: 会社グループ | D8: 4桁 | E8: C300
B9: 3 | C9: 年月 | D9: 4桁 | E9: 2306 | F9: yymm
B10: 4 | C10: 連番 | D10: 5桁 | E10: 1 | F10: 会社グループの年月ごとに付番

Sheet 設定
A1: 有効/無効 | B1: BIS作成種類 | C1: [申請]処理対象者 | D1: [承認]処理対象者 | E1: [動的承認/確認/横配置/縦配置]処理対象者 | F1: ノード種別
A2: 有効 | B2: BAM | C2: 指定なし | D2: 指定なし | E2: 指定なし | F2: 開始
A3: 無効 | B3: WF | C3: ユーザ | D3: ユーザ | E3: ユーザ | F3: 終了
C4: 組織 | D4: 組織 | E4: 組織 | F4: 申請
C5: ロール | D5: ロール | E5: ロール | F5: 依頼
C6: パブリックグループ | D6: パブリックグループ | E6: パブリックグループ | F6: 承認
C7: 役職 | D7: 役職 | E7: 役職 | F7: 動的承認
C8: 役割 | D8: 役割 | E8: 役割 | F8: システム
C9: 組織＋役職 | D9: 組織＋役職 | E9: 組織＋役職 | F9: 確認
C10: パブリックグループ＋役割 | D10: パブリックグループ＋役割 | E10: パブリックグループ＋役割 | F10: 同期開始
C11: 組織＋ロール | D11: 組織＋ロール | E11: 組織＋ロール | F11: 同期終了
C12: パブリックグループ＋ロール | D12: パブリックグループ＋ロール | E12: パブリックグループ＋ロール | F12: 分岐開始
C13: 組織とその上位組織全て | D13: 申請/処理開始者 | E13: 組織とその上位組織全て | F13: 分岐終了
C14: 組織とその上位組織全て＋役職 | D14: 申請/処理開始者の所属組織 | E14: 組織とその上位組織全て＋役職 | F14: 横配置
C15: 組織とその上位組織全て＋ロール | D15: 申請/処理開始者の所属組織＋役職 | E15: 組織とその上位組織全て＋ロール | F15: 縦配置
... C18: 組織とその下位組織全て＋ロール | D18: 申請/処理開始者の上位組織＋役職 | E18: 組織とその下位組織全て＋ロール | F18: テンプレート終了
D19: 申請/処理開始者の上位組織＋ロール | F19: コメント
D20: 申請/処理開始者の上位組織全て | F20: スイムレーン
D21: 申請/処理開始者の上位組織全て＋役職
D22: 申請/処理開始者の上位組織全て＋ロール
D23: 申請/処理開始者の下位組織
D24: 申請/処理開始者の下位組織＋役職
D25: 申請/処理開始者の下位組織＋ロール
D26: 申請/処理開始者の下位組織全て
D27: 申請/処理開始者の下位組織全て＋役職
D28: 申請/処理開始者の下位組織全て＋ロール
D29: 組織とその上位組織全て
D30: 組織とその上位組織全て＋役職
D31: 組織とその上位組織全て＋ロール
D32: 組織とその下位組織全て
... D34: 組織とその下位組織全て＋ロール
